first_name,last_name,age,gender,debt,city,state,zip
Terrye,Gunnell,60,Female,"$101,876",Springfield,MA,01152
Rodolph,Gerb,47,Male,"$92,052",Worcester,MA,01605
Glynis,D'orsay,56,Female,"$72,343",Worcester,MA,01654
Alvie,Vennart,73,Male,"$76,304",Woburn,MA,01813
Brantley,Chalker,87,Male,"$22,570",Boston,MA,02114
Sharon,Munehay,62,Female,"$59,415",Boston,MA,02119
Lek,Boundley,31,Male,"$80,797",Boston,MA,02163
Lorri,Gypps,21,Female,"$45,237",Boston,MA,02208
Danita,Bracken,59,Female,"$63,068",Brockton,MA,02305
Bartholomeo,Gartrell,80,Male,"$79,804",Brockton,MA,02305
Ruprecht,Bowshire,39,Male,"$45,117",Brockton,MA,02405
Fabio,Gallaher,94,Male,"$53,315",Waltham,MA,02453
Elsey,Gatenby,31,Female,"$103,712",Newton,MA,02458
Nicolais,Kenson,36,Male,"$103,493",Newton,MA,02458
Chandal,Wigglesworth,22,Female,"$66,487",Watertown,MA,02472
Maximo,Larway,95,Male,"$106,464",Montpelier,VT,05609
Randall,Shoebottom,88,Male,"$45,017",Hartford,CT,06120
Kinny,Liddard,81,Male,"$92,631",Hartford,CT,06140
Rochester,Pennell,48,Male,"$46,855",Hartford,CT,06145
Alfred,Fosher,26,Male,"$104,353",Hartford,CT,06183
Teddie,Ballard,20,Male,"$43,466",New Haven,CT,06510
Sofie,Theurer,85,Female,"$43,543",New Haven,CT,06520
Bud,Kittoe,75,Male,"$16,112",New Haven,CT,06533
Gerome,McKenney,20,Male,"$108,516",New Haven,CT,06533
Stillmann,Pragnall,45,Male,"$12,255",Waterbury,CT,06726
Druci,Zoren,23,Female,"$72,684",Danbury,CT,06816
Neill,Gaitskell,52,Male,"$49,800",Fairfield,CT,06825
Orson,Audiss,22,Male,"$78,410",Norwalk,CT,06854
Amii,Caird,85,Female,"$10,960",Stamford,CT,06912
Crissie,McSwan,43,Female,"$90,646",Newark,NJ,07188
Homerus,Walkden,32,Male,"$105,900",Newark,NJ,07188
Viviana,Duffit,92,Female,"$107,819",Newark,NJ,07195
Deborah,Matussow,85,Female,"$37,581",Newark,NJ,07195
Jolie,Dunham,76,Female,"$102,919",Jersey City,NJ,07305
Jeannette,Omond,54,Female,"$27,245",Jersey City,NJ,07305
Maressa,Mulvey,76,Female,"$65,654",Paterson,NJ,07522
Anderson,Rickards,28,Male,"$20,070",Paterson,NJ,07544
Pace,Lowdwell,91,Male,"$51,659",Trenton,NJ,08603
Mateo,Yakobowitz,35,Male,"$107,908",Trenton,NJ,08650
Rozamond,Sheriff,72,Female,"$34,764",New York City,NY,10004
Isadora,Nern,27,Female,"$96,863",New York City,NY,10019
Clarence,Bletcher,97,Male,"$63,684",New York City,NY,10034
Odella,Fritz,70,Female,"$63,157",New York City,NY,10034
Keenan,Pendre,42,Male,"$62,967",New York City,NY,10099
Rockwell,Wagstaffe,73,Male,"$52,386",New York City,NY,10099
Lydon,Veall,42,Male,"$69,001",New York City,NY,10105
Tyrus,Caulcott,35,Male,"$17,556",New York City,NY,10131
Luciano,Gillford,29,Male,"$43,176",New York City,NY,10150
Damon,Yokley,21,Male,"$80,101",New York City,NY,10170
Aila,Wrathmell,42,Female,"$88,550",New York City,NY,10175
Ki,Roscamp,78,Female,"$30,303",New York City,NY,10184
Norene,Gordon-Giles,23,Female,"$42,641",New York City,NY,10203
Gunar,Lamplugh,97,Male,,New York City,NY,10270
Carena,Abrahm,58,Female,"$32,524",New York City,NY,10275
Sanderson,Alesbrook,,,"$10,672",Bronx,NY,10459
Amalia,Mildenhall,96,Female,"$49,882",Bronx,NY,10459
Matelda,Wabey,38,Female,"$30,723",Bronx,NY,10464
Krispin,Hearson,62,Male,"$36,332",White Plains,NY,10606
Katherina,Qualtrough,44,Female,"$33,766",Brooklyn,NY,11205
Araldo,Strainge,47,Male,"$105,229",Brooklyn,NY,11220
Simon,Hands,45,Male,"$88,850",Brooklyn,NY,11241
Micky,Peat,,,"$76,399",Brooklyn,NY,11247
Shae,Casement,82,Male,"$16,180",Flushing,NY,11388
Laryssa,Siebert,50,Female,"$17,023",Jamaica,NY,11431
Stanwood,Thowless,,,"$56,934",Albany,NY,12227
Tandy,Bastiman,58,Female,"$106,895",Albany,NY,12237
Myrwyn,Brafferton,51,Male,"$68,566",Albany,NY,12237
Marthe,Pearn,54,Female,"$78,182",Albany,NY,12237
Erhard,Boken,56,Male,"$83,087",Albany,NY,12247
Joey,Lambot,48,Male,"$104,510",Albany,NY,12247
Basile,Enevoldsen,100,Male,"$107,720",Schenectady,NY,12305
Susann,Preto,26,Female,"$15,823",Syracuse,NY,13210
Ericka,Gibbs,92,Female,"$63,754",Syracuse,NY,13217
Jessamyn,Yakovlev,78,Female,"$96,088",Syracuse,NY,13217
Shanan,Coldham,72,Male,"$98,987",Utica,NY,13505
Elnar,Pitrelli,73,Male,"$44,473",Buffalo,NY,14210
Phillip,Beazey,80,Male,"$47,281",Buffalo,NY,14220
Carter,Linzey,61,Male,"$43,548",Buffalo,NY,14263
Collin,Floch,91,Male,"$70,372",Buffalo,NY,14269
Freddi,Tows,39,Female,"$54,255",Buffalo,NY,14269
Jennie,Jenney,78,Female,"$92,256",Rochester,NY,14604
Nikolia,Mackilpatrick,91,Female,"$98,185",Rochester,NY,14614
Dyna,Male,55,Female,"$25,861",Rochester,NY,14624
Consuelo,Davidow,65,Female,"$85,613",Rochester,NY,14646
Garvin,Grigoryov,71,Male,"$41,228",Rochester,NY,14652
Augy,Burkin,60,Male,"$75,916",Rochester,NY,14683
Kip,Fries,60,Male,"$44,120",Rochester,NY,14683
Rutter,Fonzo,24,Male,"$75,988",Elmira,NY,14905
Fee,Naismith,45,Male,,Elmira,NY,14905
Maris,Fishbourn,60,Female,"$27,108",Pittsburgh,PA,15205
Shoshanna,Pollastro,71,Female,"$76,595",Pittsburgh,PA,15220
Caril,Heintzsch,35,Female,"$40,705",Pittsburgh,PA,15235
Maje,Prator,72,Male,"$88,140",Pittsburgh,PA,15235
Donna,Hawtry,81,Female,"$54,114",Pittsburgh,PA,15250
Bronnie,Soars,80,Male,"$94,370",Pittsburgh,PA,15255
Quincey,Tregea,91,Male,"$88,363",Pittsburgh,PA,15255
Olin,Giamitti,41,Male,"$13,609",Pittsburgh,PA,15266
Stephanus,Northage,45,Male,"$87,762",Pittsburgh,PA,15266
Mick,Haseldine,98,Male,"$89,561",Pittsburgh,PA,15286
Marion,Chatband,34,Female,"$106,370",New Castle,PA,16107
Laurette,Sidnall,100,Female,"$101,439",Erie,PA,16505
Elayne,Tomkiss,46,Female,"$42,498",Erie,PA,16505
Hettie,Luna,27,Female,"$105,744",Erie,PA,16565
Dru,Yakebovich,91,Male,"$48,229",Lancaster,PA,17622
Daven,Robert,24,Male,"$71,708",Wilkes Barre,PA,18706
Filippo,Gossan,67,Male,"$64,894",Wilkes Barre,PA,18763
Cherida,Cordner,39,Female,"$22,850",Levittown,PA,19058
Pamela,Daubney,72,Female,"$54,219",Levittown,PA,19058
Lise,Chatwin,70,Female,"$64,255",Philadelphia,PA,19131
Francine,Hovington,39,Female,"$58,772",Philadelphia,PA,19131
Luci,Micklewright,44,Female,"$70,378",Philadelphia,PA,19131
Mathian,Guittet,70,Male,"$29,599",Philadelphia,PA,19151
Row,Jorgensen,64,Female,"$100,918",Philadelphia,PA,19151
Lena,Axel,58,Female,"$69,851",Philadelphia,PA,19172
Bent,Crolla,71,Male,"$97,962",Philadelphia,PA,19184
Darryl,Heditch,57,Female,"$11,925",Philadelphia,PA,19184
Zahara,Salzberg,49,Female,"$85,328",Philadelphia,PA,19196
Franzen,Darnell,96,Male,"$49,236",Valley Forge,PA,19495
Chaunce,Bresland,33,Male,"$31,521",Reading,PA,19605
Jenn,Cusiter,91,Female,"$104,339",Wilmington,DE,19805
Adolf,Glasscoo,81,Male,"$67,099",Washington,DC,20005
Melisent,Cankett,76,Female,"$94,677",Washington,DC,20010
Giorgio,Jeffress,76,Male,"$72,102",Washington,DC,20016
Caresa,Butland,79,Female,"$69,904",Washington,DC,20036
Hamlin,Eddleston,96,Male,"$69,937",Washington,DC,20036
Pyotr,Emmins,74,Male,"$20,778",Washington,DC,20041
Gilles,Radley,99,Male,"$24,391",Washington,DC,20041
Nobe,Lucchi,27,Male,"$84,274",Washington,DC,20046
Antons,Adamec,54,Male,"$79,042",Washington,DC,20051
Karina,Izkovici,29,Female,"$21,767",Washington,DC,20088
Nollie,Oldfield,96,Male,"$18,959",Washington,DC,20088
Denise,Patrick,93,Female,"$75,399",Washington,DC,20210
Geralda,Mawman,30,Female,"$62,762",Washington,DC,20215
Frederich,Atterley,99,Male,"$96,673",Washington,DC,20226
Thaxter,Letcher,71,Male,"$10,695",Washington,DC,20244
Chet,Toll,47,Male,"$76,216",Washington,DC,20268
Orran,Bouller,56,Male,"$22,960",Washington,DC,20337
Dian,Kelley,41,Female,"$99,274",Washington,DC,20404
Lennie,Yockley,24,Male,"$86,974",Washington,DC,20404
Zeke,Emanson,65,Male,"$100,739",Washington,DC,20420
Griz,Lezemere,72,Male,"$50,172",Washington,DC,20420
Arlene,Matys,23,Female,"$70,608",Washington,DC,20425
Elfie,Robelow,80,Female,"$106,666",Washington,DC,20430
Brent,Smullen,44,Male,"$28,221",Washington,DC,20436
Margarethe,Burman,94,Female,"$78,385",Washington,DC,20442
Kora,Orbell,84,Female,"$40,203",Washington,DC,20456
Hildegarde,Simonnet,,,"$15,513",Washington,DC,20470
Persis,Sneath,81,Female,"$48,993",Washington,DC,20508
Hayes,Riceards,76,Male,"$84,119",Washington,DC,20525
Lindy,Kuhlen,90,Male,"$35,662",Washington,DC,20546
Flor,Syvret,76,Female,"$10,600",Washington,DC,20580
Callie,Libermore,95,Female,"$70,008",Washington,DC,20591
Meg,Sinisbury,,,"$16,442",Washington,DC,20591
Salomi,Milbourne,98,Female,"$60,743",Washington,DC,20599
Cameron,Lutty,99,Male,"$98,010",Laurel,MD,20709
Adrienne,Thurby,,,"$108,203",Bowie,MD,20719
Hermine,Fahy,68,Female,"$38,309",Hyattsville,MD,20784
Lainey,Dermot,62,Female,"$35,067",Silver Spring,MD,20904
Dorothea,Spencley,29,Female,"$102,315",Silver Spring,MD,20904
Davida,Seacombe,62,Female,"$12,456",Baltimore,MD,21211
Hattie,Richard,56,Female,"$61,986",Baltimore,MD,21229
Piper,Greger,28,Female,"$23,762",Baltimore,MD,21265
Cally,Chatters,86,Female,"$43,485",Baltimore,MD,21275
Kristo,Loney,86,Male,"$68,810",Baltimore,MD,21290
Matthias,Lapish,84,Male,"$90,894",Fairfax,VA,22036
Tamas,Mapston,24,Male,"$107,839",Fairfax,VA,22036
Cathe,Checcucci,88,Female,"$43,184",Falls Church,VA,22047
Ingram,Billingham,56,Male,"$68,332",Arlington,VA,22212
Dyanne,O'Growgane,79,Female,,Arlington,VA,22212
Mill,Tretwell,20,Male,"$83,676",Arlington,VA,22244
Damiano,Pendreigh,47,Male,"$54,925",Alexandria,VA,22301
Othelia,Denisard,91,Female,"$93,516",Charlottesville,VA,22903
Theadora,Stiggles,38,Female,"$13,240",Charlottesville,VA,22903
Geneva,Laxston,46,Female,"$55,552",Richmond,VA,23208
Sher,Mooring,73,Female,"$107,220",Richmond,VA,23208
Misty,Ingliss,79,Female,"$29,280",Richmond,VA,23213
Den,Stratiff,56,Male,"$80,809",Richmond,VA,23225
Cliff,Chaffin,99,Male,,Richmond,VA,23228
Janek,Maccree,37,Male,"$78,694",Richmond,VA,23293
Faith,Nesey,69,Female,"$54,035",Richmond,VA,23293
Rudolf,Wyleman,100,Male,"$54,303",Richmond,VA,23293
Alyse,Ferrao,68,Female,"$19,181",Chesapeake,VA,23324
Georgia,Elby,86,Female,"$76,300",Virginia Beach,VA,23454
Bellina,Noblet,69,Female,"$54,946",Virginia Beach,VA,23464
Loy,Kernar,47,Male,"$55,942",Norfolk,VA,23509
Jacques,Chewter,66,Male,"$36,853",Newport News,VA,23605
Joya,Sarginson,61,Female,"$26,785",Hampton,VA,23663
Myrtle,Torbett,62,Female,"$47,211",Hampton,VA,23663
Huntington,Oller,81,Male,"$43,716",Portsmouth,VA,23705
Waiter,Capelle,80,Male,"$55,335",Roanoke,VA,24029
Darice,Lyptrade,42,Female,"$69,649",Roanoke,VA,24048
Reinaldos,Inns,61,Male,,Charleston,WV,25313
Kirby,De Witt,95,Male,"$57,759",Charleston,WV,25356
Hastings,Alderson,48,Male,"$42,120",Huntington,WV,25711
Esther,Osgodby,88,Female,"$99,373",Huntington,WV,25726
Rafe,Duthie,78,Male,"$88,780",Huntington,WV,25770
Janaye,Hurn,53,Female,"$14,260",Huntington,WV,25775
Dorena,Rippingale,92,Female,"$21,153",Huntington,WV,25775
Julio,Janusz,20,Male,"$67,393",Winston Salem,NC,27105
Skippie,Shackel,44,Male,"$104,753",Winston Salem,NC,27105
Hewe,Hartup,62,Male,"$59,226",Winston Salem,NC,27110
Clo,Glanester,91,Female,"$79,011",Greensboro,NC,27404
Osbourne,Tirrey,35,Male,"$11,660",Greensboro,NC,27404
Ruthy,Surfleet,45,Female,"$49,003",Greensboro,NC,27415
Evvy,Ruddick,86,Female,"$87,510",Greensboro,NC,27425
Madelina,Trayhorn,36,Female,"$53,150",Greensboro,NC,27455
Joel,Joule,43,Male,"$79,335",Greensboro,NC,27499
Minette,Kees,87,Female,"$35,804",Raleigh,NC,27605
Stearne,Bousquet,68,Male,"$85,742",Raleigh,NC,27615
Palmer,McCrohon,69,Male,"$58,349",Raleigh,NC,27615
Jennee,Roswarne,39,Female,"$97,413",Raleigh,NC,27621
Keelby,Jelf,70,Male,"$19,541",Raleigh,NC,27626
Putnam,Juschke,74,Male,"$53,492",Raleigh,NC,27635
Mordecai,Troop,99,Male,"$73,005",Raleigh,NC,27690
Joann,Sambles,83,Female,"$72,576",Gastonia,NC,28055
Reese,Tume,93,Male,"$32,164",Charlotte,NC,28230
Ofelia,Van der Baaren,35,Female,"$19,328",Charlotte,NC,28230
Barry,Dudney,53,Male,"$67,370",Charlotte,NC,28242
Nan,Hainge,33,Female,"$49,163",Charlotte,NC,28242
Jazmin,Chastney,68,Female,"$15,547",Charlotte,NC,28272
Dorita,Dorrell,73,Female,"$17,069",Charlotte,NC,28278
Kim,Blacker,39,Male,"$17,029",Charlotte,NC,28284
Jim,Memmory,68,Male,"$84,997",Charlotte,NC,28284
Marsh,Hewertson,56,Male,"$95,949",Charlotte,NC,28299
Lek,Hobbema,59,Male,"$63,232",Charlotte,NC,28299
Rab,Howley,50,Male,"$80,000",Charlotte,NC,28299
Adams,Symcock,32,Male,"$28,970",Wilmington,NC,28405
Adriana,Murfill,40,Female,"$69,815",Columbia,SC,29203
Gisella,Hansard,23,Female,"$18,091",Columbia,SC,29208
Elnore,Dickins,83,Female,"$98,538",Columbia,SC,29225
Jerrylee,Grigorushkin,94,Female,"$83,782",Spartanburg,SC,29319
Kerk,Langshaw,71,Male,"$53,990",Charleston,SC,29424
Ebonee,Dunphy,82,Female,"$93,066",Greenville,SC,29605
Ruddie,Punton,35,Male,"$90,916",Greenville,SC,29605
Anthe,Aleswell,42,Female,"$49,634",Greenville,SC,29610
Tann,Whatley,58,Male,"$16,397",Aiken,SC,29805
Alanna,Pawson,84,Female,"$55,817",Decatur,GA,30033
Chlo,Barrow,56,Female,"$19,227",Lawrenceville,GA,30045
Daniele,Dennington,31,Female,"$35,086",Decatur,GA,30089
Jeana,Kindon,67,Female,"$13,426",Decatur,GA,30089
Trescha,Escale,83,Female,"$47,818",Norcross,GA,30092
Darbee,McQuillin,99,Male,"$22,657",Lawrenceville,GA,30245
Yolane,Pointing,79,Female,"$48,154",Lawrenceville,GA,30245
Sondra,Kunrad,29,Female,"$88,232",Atlanta,GA,30301
Valera,Lillee,21,Female,"$61,909",Atlanta,GA,30301
Bertrando,Pantling,63,Male,,Atlanta,GA,30301
Paxon,Pottiphar,31,Male,"$64,654",Atlanta,GA,30311
Dunn,MacBey,55,Male,"$74,757",Atlanta,GA,30368
Elmira,Vassar,46,Female,"$65,610",Atlanta,GA,30368
Burke,Bryning,29,Male,"$46,263",Athens,GA,30605
Tomi,Gundrey,22,Female,"$22,474",Atlanta,GA,31106
Austina,Cradock,54,Female,"$60,671",Atlanta,GA,31132
Gertrudis,Todhunter,,,"$54,596",Atlanta,GA,31136
Phyllida,Leithgoe,89,Female,"$44,810",Macon,GA,31205
Falito,Dymott,40,Male,"$103,113",Macon,GA,31217
Butch,Fairbourn,52,Male,"$48,572",Savannah,GA,31405
Yetty,Wherry,80,Female,"$107,888",Savannah,GA,31410
Edy,Comsty,42,Female,"$46,944",Albany,GA,31704
Elmore,Schober,81,Male,"$45,519",Albany,GA,31704
Gerald,Waleworke,98,Male,"$55,113",Albany,GA,31704
Marius,Athy,79,Male,"$71,076",Columbus,GA,31904
Emmott,Jaquest,,,"$33,285",Columbus,GA,31904
Dionisio,Milley,94,Male,"$89,774",Columbus,GA,31998
Bertie,MacGragh,67,Female,"$32,266",Daytona Beach,FL,32118
Jade,Mechi,,,"$100,201",Daytona Beach,FL,32118
Jaclyn,Bromage,39,Female,"$38,522",Jacksonville,FL,32220
Jaye,Stilgoe,85,Male,"$53,719",Jacksonville,FL,32230
Gabbie,Sleightholm,31,Male,"$66,738",Jacksonville,FL,32236
Hieronymus,Gauntley,34,Male,"$26,202",Jacksonville,FL,32255
Colman,Kenwyn,88,Male,"$102,830",Jacksonville,FL,32277
Weylin,Bamborough,44,Male,"$91,544",Tallahassee,FL,32314
Jennette,Rowthorn,85,Female,"$84,841",Tallahassee,FL,32314
Marysa,Decaze,44,Female,"$12,469",Panama City,FL,32412
Rik,Leyzell,61,Male,"$48,439",Pensacola,FL,32505
Brittaney,Halegarth,26,Female,"$79,038",Pensacola,FL,32595
Daryle,Lumm,48,Male,"$92,137",Gainesville,FL,32627
Peria,Dungay,58,Female,"$85,112",Orlando,FL,32813
Darsie,Ruperti,74,Female,"$69,569",Orlando,FL,32819
Alva,Couche,69,Male,"$47,144",Orlando,FL,32825
Celestia,O'Finan,42,Female,"$67,078",Orlando,FL,32859
Modesta,Eberz,21,Female,"$50,277",Melbourne,FL,32919
Claretta,Asplin,78,Female,"$55,192",Vero Beach,FL,32964
Rodina,De Giovanni,73,Female,"$102,468",Vero Beach,FL,32964
Abner,Frays,52,Male,"$38,612",Vero Beach,FL,32964
Filippo,Redmille,59,Male,"$41,221",Vero Beach,FL,32964
Rozanne,Dayes,99,Female,"$40,935",Hialeah,FL,33013
Bette-ann,Lathey,46,Female,"$26,164",Hialeah,FL,33013
Alfonse,Girkins,98,Male,"$87,108",Hollywood,FL,33028
Silas,Strelitzki,36,Male,"$73,106",Hollywood,FL,33028
Vincenty,Vanyard,41,Male,"$106,275",Hollywood,FL,33028
Caresa,Enriquez,69,Female,"$27,597",Miami,FL,33153
Lynnett,McNiff,45,Female,"$43,025",Miami,FL,33180
Ariel,Rodgman,75,Male,"$22,439",Miami,FL,33245
Adair,Croad,46,Male,"$92,126",Miami,FL,33283
Candice,Sobczak,54,Female,"$53,474",Fort Lauderdale,FL,33305
Lionello,Tuiller,91,Male,"$30,108",Fort Lauderdale,FL,33305
Vasilis,Ronca,31,Male,"$31,946",Fort Lauderdale,FL,33310
Damita,O'Nions,81,Female,"$38,733",Fort Lauderdale,FL,33325
Kristofer,Dignam,59,Male,"$26,588",Fort Lauderdale,FL,33336
Jessica,Vasic,75,Female,"$11,380",Fort Lauderdale,FL,33345
Finn,Bandt,35,Male,"$85,699",West Palm Beach,FL,33405
Goldi,Loxly,36,Female,"$103,994",West Palm Beach,FL,33421
Wyndham,Keech,91,Male,"$20,257",Boynton Beach,FL,33436
Sarene,Lowy,50,Female,,Boynton Beach,FL,33436
Lindie,Brezlaw,67,Female,"$99,848",Lake Worth,FL,33462
Shandeigh,Phillis,28,Female,"$32,954",Lake Worth,FL,33462
Cob,Castellucci,34,Male,"$95,975",Boca Raton,FL,33487
Gene,Simco,70,Female,"$59,706",Boca Raton,FL,33487
Wendie,Bodley,72,Female,"$83,365",Tampa,FL,33615
Fionna,Eagan,33,Female,"$32,314",Tampa,FL,33615
Free,Juanico,62,Male,"$96,159",Tampa,FL,33625
Terence,Kimmins,31,Male,"$77,391",Tampa,FL,33625
Krista,De Vuyst,50,Female,"$75,322",Tampa,FL,33673
Verla,Eisikowitch,99,Female,"$57,828",Tampa,FL,33680
Zsa zsa,Bainbrigge,52,Female,"$54,452",Saint Petersburg,FL,33715
Paulie,Leddy,99,Female,"$95,249",Saint Petersburg,FL,33731
Ferdinand,Strainge,71,Male,"$77,047",Saint Petersburg,FL,33731
Hector,Joutapaitis,67,Male,"$25,577",Saint Petersburg,FL,33742
Richmound,Marshfield,83,Male,"$25,364",Fort Myers,FL,33906
Alta,Keyhoe,25,Female,"$100,439",Fort Myers,FL,33913
Wit,Lippitt,46,Male,"$58,902",Punta Gorda,FL,33982
Jehanna,Cheeseman,41,Female,"$12,045",Naples,FL,34102
Maddy,Moffat,61,Female,"$84,079",Naples,FL,34102
Chuck,Swafield,98,Male,"$17,448",Naples,FL,34114
Deeanne,Bauman,68,Female,"$48,187",Bonita Springs,FL,34135
Mathilde,Cuncarr,60,Female,"$76,773",Bonita Springs,FL,34135
Violet,Lavens,99,Female,"$48,241",Bradenton,FL,34205
Eugenia,Rothermel,63,Female,"$91,330",Bradenton,FL,34282
Marleen,Giraudy,22,Female,"$57,804",North Port,FL,34290
Mervin,Sleaford,37,Male,"$12,088",Pinellas Park,FL,34665
Carson,Layne,62,Male,"$108,251",Port Saint Lucie,FL,34985
Faythe,Mico,100,Female,"$16,479",Port Saint Lucie,FL,34985
Virge,Hulson,34,Male,"$41,723",Birmingham,AL,35205
Sara,Blackmoor,83,Female,"$41,951",Birmingham,AL,35215
Cly,Fonquernie,97,Male,"$82,151",Birmingham,AL,35231
Allayne,Meadus,63,Male,"$30,667",Birmingham,AL,35290
Rosy,Althrop,56,Female,"$57,348",Birmingham,AL,35295
Tess,Byron,95,Female,"$69,011",Birmingham,AL,35295
Moll,Fawbert,56,Female,"$94,362",Birmingham,AL,35295
Dieter,Ivanichev,50,Male,"$56,862",Birmingham,AL,35295
Tiffie,Kitchen,34,Female,"$85,813",Birmingham,AL,35295
Kippie,Hepher,62,Female,"$34,587",Tuscaloosa,AL,35405
Theodore,Kristiansen,100,Male,"$45,565",Tuscaloosa,AL,35405
Melony,Lillegard,47,Female,"$60,093",Huntsville,AL,35810
Hillard,Sommerly,39,Male,"$26,828",Huntsville,AL,35810
Ozzie,Breukelman,99,Male,"$27,719",Gadsden,AL,35905
Nicolas,Kesten,51,Male,"$64,240",Gadsden,AL,35905
Ezekiel,Witsey,74,Male,"$23,062",Montgomery,AL,36104
Ella,Emlin,74,Female,"$102,641",Montgomery,AL,36177
Morlee,Minards,93,Male,"$74,699",Anniston,AL,36205
Ryan,Preston,37,Male,"$23,301",Mobile,AL,36605
Rafe,Schwandt,45,Male,"$12,196",Mobile,AL,36605
Dewain,Althorpe,37,Male,"$92,373",Mobile,AL,36610
Cornie,Brocks,86,Female,"$106,464",Mobile,AL,36610
Stormi,Trevethan,33,Female,"$104,303",Mobile,AL,36628
Berti,Ratcliff,82,Male,"$44,439",Mobile,AL,36670
Alfredo,Allso,60,Male,"$95,022",Murfreesboro,TN,37131
Weber,Sharer,52,Male,"$78,647",Nashville,TN,37220
Dani,Spalton,99,Male,"$18,044",Nashville,TN,37220
Ava,Caldaro,61,Female,"$28,701",Nashville,TN,37235
Ferris,Zienkiewicz,63,Male,"$72,103",Nashville,TN,37235
Huey,John,94,Male,"$19,823",Nashville,TN,37245
Patty,Farrah,100,Male,"$48,027",Nashville,TN,37250
Matthaeus,Tooher,60,Male,,Nashville,TN,37250
Roth,Blare,23,Male,"$54,935",Chattanooga,TN,37405
Theo,Buxcy,91,Female,"$107,718",Chattanooga,TN,37410
Dorine,Panswick,54,Female,"$93,965",Chattanooga,TN,37410
Bartram,Southwell,39,Male,"$85,789",Chattanooga,TN,37410
Torry,Durnford,34,Male,"$12,614",Chattanooga,TN,37416
Anabella,Posse,96,Female,"$82,350",Chattanooga,TN,37450
Cally,Rickaert,28,Female,"$39,406",Chattanooga,TN,37450
Lorie,Rizzetti,47,Female,"$30,071",Chattanooga,TN,37450
Ruperta,Stubbley,49,Female,"$37,351",Johnson City,TN,37605
Jed,Tremblet,99,Male,,Kingsport,TN,37665
Guntar,Bysshe,48,Male,"$90,829",Knoxville,TN,37931
Tab,Chantler,21,Male,"$37,287",Memphis,TN,38109
Neall,McRill,37,Male,"$61,413",Memphis,TN,38114
Keene,Macari,64,Male,"$25,746",Memphis,TN,38119
Delila,Noye,58,Female,"$40,226",Memphis,TN,38126
Merle,Saylor,55,Male,"$36,553",Memphis,TN,38143
Frannie,Dawltrey,75,Male,"$71,854",Memphis,TN,38168
Donavon,Basey,51,Male,"$48,941",Memphis,TN,38188
Alden,Carslaw,65,Male,"$103,715",Jackson,MS,39204
Bradney,Tumber,76,Male,"$105,817",Jackson,MS,39204
Casar,Sustins,94,Male,"$105,122",Jackson,MS,39296
Susan,Labusquiere,78,Female,"$13,872",Biloxi,MS,39534
Alfie,Strowan,98,Male,"$27,174",Louisville,KY,40280
Hasheem,Conan,80,Male,"$69,582",Louisville,KY,40293
Durward,Pogosian,69,Male,"$21,848",Louisville,KY,40298
Tamara,Claige,52,Female,"$95,600",Lexington,KY,40524
Othello,Rumke,65,Male,"$42,193",Lexington,KY,40546
Padraic,Glencorse,76,Male,"$92,662",Lexington,KY,40576
Alberik,Tuckwood,81,Male,"$101,327",Lexington,KY,40581
Jere,Lodwig,26,Male,"$88,156",Lexington,KY,40586
Cristian,Raitt,24,Male,"$36,293",Lexington,KY,40586
Andie,Sedwick,21,Female,"$47,612",Lexington,KY,40586
Clerkclaude,Dewhirst,23,Male,"$18,439",Lexington,KY,40596
Eugene,Glasper,99,Male,"$68,161",London,KY,40745
Granger,Goudard,92,Male,"$95,052",London,KY,40745
Rea,Tidbury,85,Female,"$61,865",Columbus,OH,43204
Alyss,Batkin,85,Female,"$16,059",Columbus,OH,43210
Adriena,Alphonso,28,Female,"$88,698",Columbus,OH,43226
Dalton,Castagnier,40,Male,"$64,759",Columbus,OH,43226
Winnie,Howson,,,"$14,676",Columbus,OH,43226
Kirby,Faas,56,Male,"$54,860",Columbus,OH,43268
Julie,Ebbett,91,Female,"$53,143",Columbus,OH,43284
Bea,McCarlich,96,Female,"$104,027",Toledo,OH,43610
Ede,Ferroli,84,Female,"$22,001",Toledo,OH,43615
Tonie,Franzen,73,Female,"$104,515",Toledo,OH,43615
Madeleine,Puleston,88,Female,"$93,902",Toledo,OH,43615
Gaynor,Coopman,89,Female,"$80,496",Toledo,OH,43656
Cal,Leete,52,Female,"$45,797",Toledo,OH,43666
Cletis,Baynon,99,Male,"$51,139",Toledo,OH,43699
Vladamir,Rubbens,53,Male,"$75,645",Cleveland,OH,44105
Maury,Farndale,31,Male,"$31,524",Cleveland,OH,44111
Sheelah,Petris,23,Female,"$77,491",Cleveland,OH,44111
Annmaria,Wasiela,40,Female,"$60,058",Cleveland,OH,44125
Ashly,Symes,81,Female,"$26,571",Cleveland,OH,44185
Bentley,Heakey,36,Male,"$19,729",Cleveland,OH,44197
Brunhilda,Yashaev,98,Female,"$90,071",Cleveland,OH,44197
Tomi,Andreasen,58,Female,"$82,120",Akron,OH,44329
Erhart,McClements,48,Male,"$38,369",Akron,OH,44329
Anastasia,Roycraft,56,Female,"$83,606",Akron,OH,44329
Tessie,Gleder,22,Female,"$62,057",Youngstown,OH,44505
Jacquenette,Ragsdall,42,Female,"$39,453",Youngstown,OH,44511
Aldin,Nind,41,Male,"$65,139",Canton,OH,44710
Lanie,Foss,50,Male,"$81,490",Cincinnati,OH,45213
Almeda,O' Molan,66,Female,"$58,380",Cincinnati,OH,45213
Kiah,Justice,25,Female,"$100,736",Cincinnati,OH,45218
Peria,Reynolds,24,Female,"$85,424",Cincinnati,OH,45223
Giulietta,Brazil,51,Female,"$54,229",Cincinnati,OH,45233
Gard,Cuchey,80,Male,"$12,981",Cincinnati,OH,45233
Georgy,Deeble,45,Male,"$70,241",Cincinnati,OH,45233
Rodney,Durnin,88,Male,"$91,151",Cincinnati,OH,45238
Merissa,Mylechreest,93,Female,,Cincinnati,OH,45238
Vittorio,Janda,86,Male,"$50,306",Cincinnati,OH,45249
Burnard,Baleine,41,Male,"$58,508",Cincinnati,OH,45271
Sorcha,Simonetti,38,Female,"$105,386",Cincinnati,OH,45271
Sofia,Yegoshin,99,Female,"$53,555",Dayton,OH,45414
Joli,Pantry,69,Female,"$89,946",Dayton,OH,45419
Randall,Tuxell,82,Male,"$36,073",Dayton,OH,45419
Carla,Surplice,83,Female,"$54,768",Dayton,OH,45490
Madelene,Stanmer,82,Female,"$14,228",Springfield,OH,45505
Birdie,Kerbler,81,Female,"$90,002",Cincinnati,OH,45999
Dorothy,Davio,82,Female,"$72,068",Anderson,IN,46015
Loleta,Hanlon,,,"$56,365",Indianapolis,IN,46207
Joletta,MacInherney,52,Female,"$34,658",Indianapolis,IN,46231
Dorice,Witchell,72,Female,"$74,999",Indianapolis,IN,46266
Honoria,Lavin,46,Female,"$101,301",Indianapolis,IN,46278
Shirl,Pert,,,"$77,033",Indianapolis,IN,46278
Gasper,Lugard,85,Male,"$100,269",Fort Wayne,IN,46805
Maiga,McGrann,92,Female,"$86,717",Fort Wayne,IN,46825
Tamra,Roycroft,90,Female,"$44,199",Fort Wayne,IN,46825
Berky,Christescu,28,Male,"$92,477",Fort Wayne,IN,46867
Cathryn,Horsell,,,"$107,098",Muncie,IN,47306
Guthrie,Nulty,63,Male,"$88,904",Muncie,IN,47306
Nataniel,Roskams,69,Male,"$107,493",Evansville,IN,47705
Ansell,Huggon,55,Male,"$102,926",Evansville,IN,47725
Marilyn,Tomson,69,Female,"$14,500",Evansville,IN,47725
Bard,Hempel,71,Male,"$62,978",Evansville,IN,47747
Consuela,Kareman,83,Female,"$32,026",Terre Haute,IN,47805
Fidelio,Care,77,Male,"$69,176",Terre Haute,IN,47812
Viviene,Jaze,87,Female,"$10,895",Lafayette,IN,47905
Toddy,Bexley,48,Male,"$54,228",Troy,MI,48098
Betsy,Snoddon,84,Female,"$59,573",Troy,MI,48098
Marthe,Aguirrezabal,30,Female,"$52,101",Dearborn,MI,48126
Vanda,Athey,100,Female,"$72,849",Detroit,MI,48211
Loralyn,Birden,21,Female,"$58,610",Detroit,MI,48217
Chariot,Ertel,37,Male,"$85,274",Detroit,MI,48217
Orlan,Downing,81,Male,"$33,622",Detroit,MI,48275
Rogerio,Udey,20,Male,"$108,568",Detroit,MI,48275
Bruis,Gravenall,68,Male,"$90,275",Flint,MI,48505
Angeli,Tedridge,64,Male,"$47,398",Flint,MI,48505
Betteann,Yo,96,Female,"$96,628",Saginaw,MI,48604
Ceil,Iaduccelli,33,Female,"$27,179",Midland,MI,48670
Marthe,Greyes,92,Female,"$48,427",Lansing,MI,48901
Nealson,Lyver,86,Male,"$57,594",Lansing,MI,48901
Lorena,Lanktree,30,Female,"$12,704",Lansing,MI,48919
Zechariah,Attenborough,32,Male,"$95,747",Lansing,MI,48956
Rosabel,Summerell,78,Female,"$66,076",Grand Rapids,MI,49518
Jordan,Rootham,20,Male,"$83,745",Grand Rapids,MI,49560
Mab,Goode,75,Female,"$65,919",Des Moines,IA,50305
Joshia,Fortin,67,Male,"$22,506",Des Moines,IA,50347
Flemming,Facchini,51,Male,"$77,940",Des Moines,IA,50362
Osbert,McGunley,68,Male,"$20,405",Des Moines,IA,50362
Moses,Flipsen,31,Male,"$20,684",Waterloo,IA,50706
Juliana,Biggins,37,Female,"$107,312",Davenport,IA,52804
Whitney,Roddam,31,Male,"$68,113",Davenport,IA,52809
Halette,Sparrow,95,Female,"$40,527",Davenport,IA,52809
Ingaborg,Wincom,100,Female,"$97,989",Davenport,IA,52809
Trisha,Driffill,64,Female,"$72,832",Milwaukee,WI,53234
Waylon,Worden,69,Male,"$15,889",Milwaukee,WI,53234
Artur,Coils,41,Male,"$40,555",Milwaukee,WI,53263
Jennie,Bruck,59,Female,"$61,440",Milwaukee,WI,53285
Jayson,Boone,98,Male,"$36,411",Madison,WI,53705
Jaime,Maddick,76,Female,"$30,100",Madison,WI,53705
Fremont,Matchitt,71,Male,"$73,037",Madison,WI,53705
Clemens,Zoephel,56,Male,"$79,434",Madison,WI,53710
Julissa,Helks,71,Female,"$43,123",Madison,WI,53716
Orazio,Hacquel,53,Male,"$38,784",Madison,WI,53726
Fairleigh,Iacovino,23,Male,"$90,252",Madison,WI,53726
Elna,Jervois,26,Female,"$65,228",Green Bay,WI,54305
Caye,Mander,52,Female,"$104,792",Green Bay,WI,54313
Hollie,MacConnal,63,Female,"$31,281",Appleton,WI,54915
Conney,Forrestor,74,Male,"$16,852",Saint Paul,MN,55103
Gates,De Filippi,20,Female,"$61,225",Saint Paul,MN,55108
Dulcie,Virgoe,30,Female,"$83,245",Saint Paul,MN,55108
Kin,Rydeard,23,Male,"$70,980",Saint Paul,MN,55115
Tansy,Mossbee,87,Female,"$57,755",Saint Paul,MN,55146
Florinda,Pickless,43,Female,"$74,171",Saint Paul,MN,55172
Aluin,Point,74,Male,"$57,633",Saint Paul,MN,55188
Pernell,Simon,34,Male,"$73,164",Minneapolis,MN,55402
Ambrosi,Sante,25,Male,"$95,847",Minneapolis,MN,55407
Clemmie,Beards,96,Male,"$61,181",Minneapolis,MN,55446
Tymon,Minshaw,32,Male,,Minneapolis,MN,55470
Tait,Blaszczyk,74,Male,"$47,957",Minneapolis,MN,55487
Abbott,Ambrozewicz,55,Male,"$63,568",Maple Plain,MN,55572
Reggi,Pammenter,44,Female,"$106,046",Maple Plain,MN,55572
Richy,Broddle,51,Male,"$19,766",Young America,MN,55573
Dal,Slatter,79,Male,"$86,317",Monticello,MN,55585
Hally,Constantine,22,Female,"$79,881",Monticello,MN,55590
Blondy,Murney,60,Female,"$68,889",Rochester,MN,55905
Otis,Rosenstock,84,Male,"$82,058",Rochester,MN,55905
Valentijn,Gronaller,52,Male,"$20,202",Sioux Falls,SD,57105
Kassandra,Behnecken,59,Female,"$32,508",Sioux Falls,SD,57188
Ardelle,Buchett,98,Female,"$69,326",Sioux Falls,SD,57193
Benny,Bonniface,92,Male,"$53,433",Fargo,ND,58122
Liliane,McNerlin,51,Female,"$61,759",Grand Forks,ND,58207
Berton,McInnery,66,Male,"$54,834",Palatine,IL,60078
Carroll,Eberz,94,Male,"$13,917",Carol Stream,IL,60351
Ozzy,Abrahamsson,75,Male,"$101,778",Joliet,IL,60435
Israel,Morrell,68,Male,"$62,568",Naperville,IL,60567
Cecil,MacAdam,97,Male,"$91,243",Chicago,IL,60609
Marsiella,Elcomb,,,"$107,913",Chicago,IL,60614
Klaus,Challener,75,Male,"$105,225",Chicago,IL,60630
Brena,Beetham,100,Female,"$13,677",Chicago,IL,60636
Sandro,Stowers,64,Male,"$25,334",Chicago,IL,60641
Abagael,Tabary,92,Female,"$95,982",Chicago,IL,60641
Rollin,Tewelson,94,Male,"$52,139",Chicago,IL,60663
Bridie,Blackleech,32,Female,"$75,487",Chicago,IL,60674
Maible,Boyen,83,Female,"$93,750",Chicago,IL,60674
Joyce,Humpherson,50,Female,"$74,652",Chicago,IL,60674
Natasha,Keedwell,82,Female,"$67,548",Chicago,IL,60681
Tanney,Larcombe,68,Male,"$53,084",Chicago,IL,60681
Itch,Bouchard,74,Male,"$58,072",Chicago,IL,60691
Tiertza,Witheridge,63,Female,"$42,693",Chicago,IL,60691
Conney,Weatherhead,54,Male,"$48,913",Rockford,IL,61105
Twila,Cullington,44,Female,"$83,572",Peoria,IL,61605
Lenci,Woehler,46,Male,"$36,133",Peoria,IL,61605
Lowe,Crutchley,25,Male,"$40,957",Peoria,IL,61629
Dav,Plumm,86,Male,"$98,392",Peoria,IL,61629
Jared,McCroft,83,Male,"$53,585",Peoria,IL,61640
Shanie,Rouse,37,Female,"$73,746",Springfield,IL,62705
Drucie,Wey,93,Female,"$47,530",Springfield,IL,62705
Joby,Gurney,,,"$38,604",Springfield,IL,62718
Tanhya,Janeczek,78,Female,"$71,169",Springfield,IL,62756
Roze,Cosson,54,Female,"$104,500",Springfield,IL,62794
Artemas,Dawidowitz,98,Male,"$54,794",Saint Louis,MO,63110
Clayson,Adamson,28,Male,"$60,294",Saint Louis,MO,63121
Robinia,Radden,25,Female,"$87,238",Saint Louis,MO,63121
Lonnard,O'Hickee,96,Male,"$77,153",Saint Louis,MO,63136
Zacherie,Scotson,43,Male,"$16,791",Saint Louis,MO,63136
Gordy,Douche,41,Male,"$68,065",Saint Louis,MO,63150
Alonso,Hupe,53,Male,"$25,491",Saint Louis,MO,63167
Doti,Donett,68,Female,"$28,370",Kansas City,MO,64114
Engelbert,Going,30,Male,"$39,521",Kansas City,MO,64114
Cari,Dudbridge,36,Female,"$91,009",Kansas City,MO,64125
Judy,Leathwood,40,Female,"$107,681",Kansas City,MO,64125
Garner,Lardeur,50,Male,"$66,554",Kansas City,MO,64149
Abra,Meneo,82,Female,"$88,391",Kansas City,MO,64179
Hamel,Hellwig,26,Male,"$42,873",Kansas City,MO,64199
Lewie,Ripon,77,Male,"$27,155",Kansas City,MO,64199
Karlyn,Tincknell,93,Female,"$39,481",Kansas City,MO,64199
Fianna,Mealham,24,Female,"$25,907",Saint Joseph,MO,64504
Miquela,Moulsdall,84,Female,"$89,636",Jefferson City,MO,65110
Gilbert,Belliard,33,Male,"$85,064",Columbia,MO,65218
Perice,Lorraine,53,Male,"$107,731",Columbia,MO,65218
Sanderson,McRobb,82,Male,"$18,748",Springfield,MO,65810
Audre,Phillp,61,Female,"$102,202",Kansas City,KS,66105
Gabby,McCoveney,79,Male,"$70,492",Kansas City,KS,66112
Hart,Tigner,45,Male,"$37,842",Kansas City,KS,66112
Jerome,Bohden,53,Male,"$93,632",Kansas City,KS,66160
Vaughn,Lusgdin,32,Male,"$97,807",Kansas City,KS,66160
Wesley,Penman,46,Male,"$71,352",Kansas City,KS,66160
Vinita,How to preserve,38,Female,"$67,126",Shawnee Mission,KS,66210
Nancie,Pessolt,71,Female,"$18,117",Shawnee Mission,KS,66225
Margo,Maffulli,100,Female,"$36,427",Topeka,KS,66606
Brenn,Goodison,89,Female,"$14,381",Topeka,KS,66611
Stern,Delcastel,97,Male,"$62,545",Topeka,KS,66617
Cecelia,Dunsford,26,Female,"$14,854",Topeka,KS,66629
Rodina,Noriega,96,Female,"$98,926",Topeka,KS,66667
Elbertina,Bullion,95,Female,"$93,588",Wichita,KS,67205
Gillan,Gherardesci,66,Female,"$50,784",Wichita,KS,67205
Joshuah,Ingon,77,Male,"$40,934",Wichita,KS,67220
Ortensia,Lansdowne,31,Female,"$105,125",Wichita,KS,67230
Dotti,O'Scannill,62,Female,"$99,556",Wichita,KS,67236
Rusty,Zimmer,75,Male,"$65,870",Omaha,NE,68110
Odie,Haryngton,93,Male,"$22,475",Omaha,NE,68134
Kai,Heddan,76,Female,"$103,261",Omaha,NE,68164
Arney,Foreman,50,Male,,Omaha,NE,68197
Alberta,Kirckman,23,Female,"$87,987",Lincoln,NE,68517
Carlyn,Osborne,59,Female,"$58,530",Lincoln,NE,68524
Vinita,Budge,56,Female,"$37,287",Lincoln,NE,68531
Adelice,Mival,42,Female,"$60,738",Metairie,LA,70033
Everard,Loffill,40,Male,"$62,373",New Orleans,LA,70129
Regine,Heistermann,35,Female,"$32,457",New Orleans,LA,70142
Zebulen,Huglin,65,Male,"$66,088",New Orleans,LA,70142
Whittaker,Lubman,39,Male,"$64,068",New Orleans,LA,70179
Gabe,Uff,78,Male,"$86,133",New Orleans,LA,70183
Aridatha,Presho,22,Female,"$17,089",Lafayette,LA,70593
Kliment,Sapena,56,Male,"$103,986",Lafayette,LA,70593
Hilary,Sandever,45,Female,"$61,790",Lake Charles,LA,70607
Erin,Aleavy,25,Female,"$89,675",Lake Charles,LA,70616
Silvie,Cuzen,62,Female,"$96,313",Baton Rouge,LA,70836
Jesse,Foran,99,Male,"$27,094",Baton Rouge,LA,70836
Gerry,Mumbey,81,Female,"$72,216",Baton Rouge,LA,70883
Mechelle,Poat,27,Female,"$70,799",Shreveport,LA,71115
Kristen,Jeppe,54,Female,"$96,929",Shreveport,LA,71130
Lilas,McDonough,43,Female,"$22,753",Shreveport,LA,71151
Margarete,Stathor,96,Female,"$71,993",Shreveport,LA,71151
Vida,Whitchurch,76,Female,"$62,811",Shreveport,LA,71151
Jan,Heare,53,Male,"$15,752",Alexandria,LA,71307
Mathias,Showen,36,Male,"$16,902",Alexandria,LA,71307
Mehetabel,Camplejohn,41,Female,"$61,715",North Little Rock,AR,72118
Otho,Higgonet,81,Male,"$47,761",Little Rock,AR,72215
Elaine,Hoolaghan,35,Female,"$82,580",Fort Smith,AR,72905
Meade,Varsey,93,Male,"$66,670",Edmond,OK,73034
Silvanus,Martel,32,Male,"$17,546",Norman,OK,73071
Feliza,Rhubottom,52,Female,"$61,286",Oklahoma City,OK,73104
Valli,Matura,72,Female,"$107,813",Oklahoma City,OK,73114
Flemming,Pickworth,65,Male,"$59,817",Oklahoma City,OK,73119
Dale,Van Der Hoog,38,Female,"$67,262",Oklahoma City,OK,73119
Lilah,Corpes,88,Female,"$61,196",Oklahoma City,OK,73124
Nixie,Wornum,64,Female,"$13,565",Oklahoma City,OK,73135
Nap,Massen,74,Male,"$94,158",Oklahoma City,OK,73147
Sari,Hulett,78,Female,"$73,514",Oklahoma City,OK,73157
Mella,Stanley,35,Female,"$46,881",Oklahoma City,OK,73167
Mariya,Sellen,91,Female,"$84,579",Oklahoma City,OK,73179
Osmond,Fidler,55,Male,,Tulsa,OK,74103
Dagmar,Graffham,62,Female,"$15,637",Tulsa,OK,74108
Alric,Lynas,97,Male,"$45,630",Tulsa,OK,74126
Aidan,Skone,91,Female,"$27,050",Tulsa,OK,74126
Jerrie,Woolerton,37,Male,"$91,502",Tulsa,OK,74126
Gertrud,Benoiton,36,Female,"$80,069",Tulsa,OK,74133
Liv,Slowgrove,65,Female,"$53,286",Tulsa,OK,74133
Julie,Farnaby,36,Female,"$46,174",Tulsa,OK,74141
Sven,Hallitt,58,Male,"$18,002",Tulsa,OK,74170
Gisela,Hamnet,84,Female,"$17,738",Tulsa,OK,74170
Karlik,Moughton,39,Male,"$99,826",Tulsa,OK,74170
Lilla,Chugg,65,Female,"$42,316",Tulsa,OK,74184
Jeddy,Mylechreest,47,Male,"$29,003",Tulsa,OK,74184
Arabel,Haydock,70,Female,"$82,786",Tulsa,OK,74193
Dolf,Petranek,83,Male,"$28,851",Tulsa,OK,74193
Kore,Cromack,72,Female,"$29,638",Irving,TX,75062
Launce,Thornebarrow,24,Male,"$104,703",Irving,TX,75062
Emelina,Tretwell,73,Female,"$25,762",Plano,TX,75074
Deena,Harrigan,32,Female,"$33,571",Mesquite,TX,75185
Boothe,Yeld,65,Male,"$24,271",Dallas,TX,75205
Sibyl,Avramov,64,Female,"$56,125",Dallas,TX,75221
Neale,Cariss,20,Male,"$72,015",Dallas,TX,75221
Archy,Fardy,96,Male,"$93,912",Dallas,TX,75226
Flem,Reidshaw,90,Male,"$85,024",Dallas,TX,75226
Robin,Moxstead,45,Male,"$39,248",Dallas,TX,75236
Iseabal,Slowey,47,Female,"$91,358",Dallas,TX,75246
Benni,Tebbet,90,Female,"$67,918",Dallas,TX,75246
Felic,Leser,62,Male,"$45,677",Dallas,TX,75251
Marquita,Nickolls,50,Female,"$46,614",Dallas,TX,75260
Linnea,Misson,79,Female,"$51,213",Dallas,TX,75353
Gene,Robjents,21,Male,"$32,565",Dallas,TX,75353
Bert,Hicklingbottom,34,Female,"$106,550",Dallas,TX,75358
Madge,Reisk,62,Female,"$49,284",Dallas,TX,75358
Francesca,Sandilands,34,Female,"$57,619",Dallas,TX,75372
Karil,Alleburton,32,Female,"$86,366",Dallas,TX,75392
Eamon,Bellord,64,Male,"$74,307",Dallas,TX,75392
Judy,Bidder,97,Female,"$98,273",Dallas,TX,75397
Casey,Corssen,32,Male,"$32,256",Longview,TX,75605
Syman,Wilmot,28,Male,"$61,259",Arlington,TX,76004
Lucian,Christol,57,Male,"$105,529",Arlington,TX,76016
Hazlett,Cavee,83,Male,"$78,966",Fort Worth,TX,76105
Kenn,De La Haye,37,Male,"$71,363",Fort Worth,TX,76105
Fallon,De Vaux,72,Female,"$71,995",Fort Worth,TX,76129
Nickolas,Dearness,96,Male,"$82,135",Fort Worth,TX,76134
Sandy,Philippon,78,Female,"$18,932",Fort Worth,TX,76134
Kaia,Chaldecott,27,Female,"$100,193",Fort Worth,TX,76178
Thomasine,Morfield,65,Female,"$33,072",Fort Worth,TX,76178
Melitta,Stalley,25,Female,"$19,890",Fort Worth,TX,76178
Liam,Corballis,73,Male,"$61,753",Denton,TX,76210
Theobald,Carnow,26,Male,"$17,120",Wichita Falls,TX,76310
Tann,Phinnis,45,Male,"$29,882",Temple,TX,76505
Chaddie,Digwood,94,Male,"$66,945",Killeen,TX,76544
Sandor,Wileman,91,Male,"$51,825",Gatesville,TX,76598
Ashton,Leverette,57,Male,"$52,462",Waco,TX,76711
Jerad,Trewartha,96,Male,"$69,017",Waco,TX,76796
Stan,Titta,67,Male,"$23,712",Houston,TX,77030
Sumner,Goroni,21,Male,"$102,306",Houston,TX,77060
Dollie,Caban,52,Female,"$36,334",Houston,TX,77065
Joann,Bodicam,27,Female,"$58,708",Houston,TX,77070
Brianna,Rolstone,41,Female,"$14,477",Houston,TX,77070
Paolina,Dallman,96,Female,"$38,289",Houston,TX,77218
Vanya,Lamond,55,Female,"$54,216",Houston,TX,77245
Parke,Clutterham,47,Male,"$105,316",Houston,TX,77250
Tressa,Everson,91,Female,"$108,389",Houston,TX,77255
Gaspard,Kleinmintz,,,"$39,764",Houston,TX,77260
Elnar,Demko,30,Male,"$43,149",Houston,TX,77271
Winston,Piercey,52,Male,"$85,987",Houston,TX,77276
Aharon,Derisly,39,Male,"$106,171",Houston,TX,77293
Nisse,Herety,56,Female,"$88,787",Houston,TX,77293
Boothe,Jarmaine,33,Male,"$80,176",Houston,TX,77299
Gretel,Moran,60,Female,"$92,120",Spring,TX,77386
Karola,Bellefonte,39,Female,"$18,581",Beaumont,TX,77705
Hubie,Dallimore,95,Male,"$89,674",Beaumont,TX,77705
Cosette,Mettrick,26,Female,"$101,886",San Antonio,TX,78205
Mellicent,Bruckmann,65,Female,"$82,270",San Antonio,TX,78230
Ingar,Currao,32,Male,"$71,097",San Antonio,TX,78278
Rodrigo,Riglar,61,Male,"$15,246",San Antonio,TX,78285
Winnifred,Daal,41,Female,"$36,076",Corpus Christi,TX,78405
Waldemar,Duddin,47,Male,"$62,925",Corpus Christi,TX,78410
Edithe,Hendron,45,Female,"$35,112",Corpus Christi,TX,78410
Hermann,Grutchfield,65,Male,"$96,441",Corpus Christi,TX,78465
Ware,Hastings,69,Male,"$21,157",Corpus Christi,TX,78475
Carleen,Ekins,88,Female,"$69,757",Round Rock,TX,78682
Beverley,Evennett,76,Female,"$28,099",Round Rock,TX,78682
Xylina,Finden,60,Female,"$15,486",Round Rock,TX,78682
Moreen,Buggy,26,Female,"$33,802",Austin,TX,78715
Fredek,Capelle,23,Male,"$53,738",Austin,TX,78726
Bette,Leyzell,34,Female,"$72,995",Austin,TX,78737
Daryle,Moreside,31,Male,"$21,720",Austin,TX,78749
Calla,Punton,86,Female,"$81,909",Austin,TX,78754
Maisey,Sydenham,23,Female,"$49,216",Austin,TX,78754
Michale,Firpo,62,Male,"$49,664",Amarillo,TX,79105
Erik,Rodell,72,Male,"$22,264",Amarillo,TX,79116
Gerti,Bothie,29,Female,"$63,732",Amarillo,TX,79159
Antoni,Guise,72,Male,"$105,669",Amarillo,TX,79159
Shannen,Veronique,,,"$13,515",Amarillo,TX,79165
Marylin,Worham,37,Female,"$53,834",Amarillo,TX,79182
Darrin,Andreichik,66,Male,"$55,995",Lubbock,TX,79415
Bruce,Frome,39,Male,"$100,488",Odessa,TX,79764
Demeter,Sumpter,66,Female,"$58,109",El Paso,TX,79923
Branden,Ivchenko,,,"$48,759",El Paso,TX,79928
Antoni,Utterson,35,Male,"$83,785",El Paso,TX,79934
Dominica,Skudder,91,Female,"$57,814",El Paso,TX,79945
Melonie,McAllan,61,Female,"$33,582",El Paso,TX,79989
Muhammad,Candlish,63,Male,"$59,431",Arvada,CO,80005
Evangelia,Peploe,24,Female,"$93,124",Aurora,CO,80015
Nana,Craine,84,Female,"$35,842",Littleton,CO,80126
Karim,Grigorushkin,22,Male,"$49,152",Littleton,CO,80161
Nikolas,Blackborough,30,Male,"$45,066",Denver,CO,80209
Eberto,Worsam,28,Male,"$100,017",Denver,CO,80235
Siouxie,Fibbings,86,Female,"$43,427",Denver,CO,80243
Briny,Hagan,93,Female,"$56,128",Denver,CO,80243
Jo,Keattch,60,Male,"$11,335",Denver,CO,80279
Lionello,Limerick,100,Male,"$93,622",Denver,CO,80291
Grissel,Tomblett,60,Female,"$78,442",Denver,CO,80291
Timmy,Walkling,71,Male,"$57,549",Boulder,CO,80310
Shepherd,Aykroyd,77,Male,"$57,363",Greeley,CO,80638
Clywd,Waplington,49,Male,"$83,465",Colorado Springs,CO,80905
Edsel,Drinan,36,Male,"$87,082",Colorado Springs,CO,80910
Gerty,Laborda,34,Female,"$105,001",Colorado Springs,CO,80910
Pablo,Norcliff,45,Male,"$12,038",Colorado Springs,CO,80920
Cristiano,Oller,99,Male,"$17,600",Colorado Springs,CO,80920
Shem,Riglesford,83,Male,"$60,289",Colorado Springs,CO,80925
Silvan,Behan,76,Male,"$93,211",Colorado Springs,CO,80935
Curr,Lafayette,87,Male,"$60,311",Colorado Springs,CO,80935
Quintina,Dodshun,92,Female,"$33,743",Colorado Springs,CO,80945
Gunther,Kildea,64,Male,"$43,395",Colorado Springs,CO,80951
Anna-diane,Belliss,75,Female,"$100,056",Pueblo,CO,81015
Tallie,Leveret,39,Male,"$77,032",Pueblo,CO,81015
Salvidor,Clemits,65,Male,"$102,638",Cheyenne,WY,82007
Winny,Darwen,97,Female,"$12,115",Cheyenne,WY,82007
Janos,Forcer,94,Male,"$100,301",Cheyenne,WY,82007
Floyd,Fulloway,20,Male,"$60,020",Boise,ID,83705
Howie,Jefferies,49,Male,"$35,859",Boise,ID,83727
Salvidor,Carbry,88,Male,"$107,148",Boise,ID,83732
Lowe,Cutbirth,97,Male,"$36,143",Boise,ID,83757
Gene,Heinsen,46,Female,"$77,396",Salt Lake City,UT,84115
Dorree,Nunan,35,Female,"$106,165",Salt Lake City,UT,84115
Ebenezer,McTeer,77,Male,"$92,841",Salt Lake City,UT,84120
Claudia,Copper,,,"$89,233",Salt Lake City,UT,84125
Patty,Heaven,68,Male,"$51,161",Salt Lake City,UT,84130
Eldridge,Luxon,32,Male,"$91,292",Salt Lake City,UT,84130
Jefferson,Chesshyre,67,Male,"$94,378",Salt Lake City,UT,84135
Salvador,Hayesman,23,Male,"$12,064",Salt Lake City,UT,84135
Frasquito,Millichip,50,Male,"$33,083",Salt Lake City,UT,84140
Tyson,Dreakin,84,Male,"$46,017",Salt Lake City,UT,84152
Sibbie,Lorman,95,Female,"$57,462",Salt Lake City,UT,84170
Lauritz,Ruusa,89,Male,"$38,765",Salt Lake City,UT,84189
Raddie,Chomley,64,Male,"$49,402",Salt Lake City,UT,84199
Carlye,Ziem,86,Female,"$32,706",Ogden,UT,84403
Napoleon,Dashkovich,97,Male,"$72,133",Phoenix,AZ,85005
Olenka,Blackler,100,Female,"$107,012",Phoenix,AZ,85020
Towny,Underhill,54,Male,"$62,759",Phoenix,AZ,85035
Carmela,Catcherside,82,Female,"$80,202",Phoenix,AZ,85040
Bard,Allworthy,98,Male,"$74,934",Phoenix,AZ,85045
Heida,Hanham,20,Female,"$23,419",Phoenix,AZ,85062
Maddy,Dahlberg,,,"$90,355",Phoenix,AZ,85077
Ingelbert,Hixley,93,Male,"$73,030",Phoenix,AZ,85077
Otto,Galton,31,Male,"$90,835",Mesa,AZ,85205
Aime,Bantick,69,Female,"$49,137",Mesa,AZ,85215
Glynis,Rawsen,35,Female,"$74,789",Scottsdale,AZ,85255
Kellina,Noakes,83,Female,"$24,058",Scottsdale,AZ,85260
Pattie,Okeshott,41,Male,"$84,998",Scottsdale,AZ,85271
Suzanna,Spraging,46,Female,"$62,817",Scottsdale,AZ,85271
Babs,Morrid,84,Female,"$61,988",Tempe,AZ,85284
Der,Exelby,35,Male,"$21,817",Glendale,AZ,85311
Kristos,Theaker,75,Male,"$40,215",Tucson,AZ,85725
Auguste,Hackett,77,Female,"$70,218",Albuquerque,NM,87105
Sacha,McBrier,33,Female,"$20,235",Albuquerque,NM,87105
Sharyl,Tinan,29,Female,"$61,615",Albuquerque,NM,87105
Kevan,Garbott,76,Male,"$42,639",Albuquerque,NM,87110
Carmel,McCaster,94,Female,"$90,415",Albuquerque,NM,87110
Theodoric,Matterson,100,Male,"$57,392",Albuquerque,NM,87190
Kamila,Gammage,40,Female,"$15,896",Albuquerque,NM,87201
Aigneis,de Banke,90,Female,"$36,548",Las Cruces,NM,88006
Brod,Dowsey,51,Male,"$103,941",Las Cruces,NM,88006
Sidney,Altamirano,57,Male,"$15,844",El Paso,TX,88514
Dino,Guymer,52,Male,"$48,030",El Paso,TX,88525
Stephi,MacNeillie,46,Female,"$90,557",El Paso,TX,88530
Andromache,Kennewell,79,Female,"$17,063",El Paso,TX,88535
Rachael,Lochrie,37,Female,"$94,051",El Paso,TX,88553
Natasha,Eccleshare,25,Female,"$93,453",El Paso,TX,88574
Catarina,McGreary,91,Female,"$60,523",El Paso,TX,88574
Loreen,Bartoszek,96,Female,"$81,030",El Paso,TX,88584
Crystal,Ratley,73,Female,"$63,079",Henderson,NV,89074
Constantina,Castelli,35,Female,"$60,948",North Las Vegas,NV,89087
Josie,Lornsen,47,Female,"$37,160",North Las Vegas,NV,89087
Alicia,Broad,55,Female,"$70,946",Las Vegas,NV,89105
Merissa,Kemson,92,Female,"$22,168",Las Vegas,NV,89105
Decca,Lethcoe,64,Male,"$108,020",Las Vegas,NV,89105
Abrahan,Boss,28,Male,"$95,557",Las Vegas,NV,89110
Cairistiona,Hinchcliffe,55,Female,"$44,186",Las Vegas,NV,89110
Nannette,Gladtbach,32,Female,"$52,692",Las Vegas,NV,89120
Cari,Stoddard,72,Female,"$65,366",Las Vegas,NV,89120
Vassily,Ivanonko,75,Male,"$101,305",Las Vegas,NV,89125
Alley,Disdel,47,Male,"$74,977",Las Vegas,NV,89130
Henrietta,Kall,31,Female,"$74,732",Las Vegas,NV,89130
Edan,Vakhrushin,86,Male,"$107,095",Las Vegas,NV,89130
Phil,Head,43,Male,"$58,773",Las Vegas,NV,89135
Monah,Goodacre,60,Female,"$91,543",Las Vegas,NV,89145
Nady,Goldes,56,Female,"$51,662",Las Vegas,NV,89160
Verene,Corradino,78,Female,"$100,943",Las Vegas,NV,89166
Winslow,Purkins,32,Male,"$66,085",Las Vegas,NV,89166
Ferne,Buckwell,29,Female,"$75,792",Las Vegas,NV,89193
Sheelah,Pittford,23,Female,"$11,573",Sparks,NV,89436
Teresina,Keyme,89,Female,"$34,441",Reno,NV,89519
Gretchen,Faireclough,100,Female,"$65,537",Reno,NV,89595
Brander,Gaymar,82,Male,"$33,187",Carson City,NV,89706
Freida,Benyon,62,Female,"$54,515",Los Angeles,CA,90005
Leelah,Pierucci,72,Female,"$42,833",Los Angeles,CA,90005
Eb,Guymer,38,Male,"$67,582",Los Angeles,CA,90030
Pen,Mosson,73,Male,"$93,055",Los Angeles,CA,90030
Berri,Mackinder,57,Female,"$79,315",Los Angeles,CA,90040
Horton,Cucuzza,28,Male,"$20,060",Los Angeles,CA,90045
Drusie,Roddy,56,Female,"$87,106",Los Angeles,CA,90045
Daniel,McKevany,65,Male,"$22,854",Los Angeles,CA,90055
Broderic,Adrain,80,Male,"$92,224",Los Angeles,CA,90060
Lorens,Ducker,89,Male,"$89,089",Los Angeles,CA,90060
Winn,Matashkin,47,Male,"$69,812",Los Angeles,CA,90060
Cindra,Voak,79,Female,"$69,444",Los Angeles,CA,90071
Winnah,Craigmyle,79,Female,"$77,074",Los Angeles,CA,90076
Hanny,Kermott,87,Female,"$73,972",Los Angeles,CA,90101
Francois,Steaning,24,Male,"$75,130",Los Angeles,CA,90189
Jen,Riccelli,42,Female,"$37,916",Inglewood,CA,90310
Cozmo,Cranham,53,Male,"$77,507",Santa Monica,CA,90410
Mitchell,Sinisbury,97,Male,"$10,990",Torrance,CA,90510
Dorita,MacKereth,50,Female,"$92,471",Whittier,CA,90605
Gianna,Waghorne,36,Female,"$101,529",Whittier,CA,90605
Cobby,Huntly,48,Male,"$72,264",Long Beach,CA,90805
Riley,Bischoff,60,Male,"$18,064",Long Beach,CA,90831
Michaela,Shovell,28,Female,"$87,789",Long Beach,CA,90831
Poul,Thies,80,Male,"$94,129",Long Beach,CA,90831
Felicle,Trousdell,65,Female,"$39,686",Long Beach,CA,90831
Burnard,Levet,31,Male,"$65,167",Long Beach,CA,90847
Jonas,Hasser,63,Male,"$47,991",Pasadena,CA,91103
Brook,Sivills,25,Male,"$101,755",Pasadena,CA,91103
Elyn,Jacobowicz,61,Female,"$98,381",Pasadena,CA,91109
Angelico,Tiley,47,Male,"$19,421",Pasadena,CA,91125
Chrissie,Madner,67,Female,"$12,320",Pasadena,CA,91131
Wood,Billyard,76,Male,"$97,220",Pasadena,CA,91186
Evania,Huish,28,Female,"$60,091",Pasadena,CA,91186
Noami,Pawlyn,96,Female,"$87,081",Pasadena,CA,91186
Lonny,Dawtry,95,Male,"$52,418",Glendale,CA,91205
Gregory,Van der Kruis,76,Male,"$70,710",Glendale,CA,91210
Alyda,Berrisford,71,Female,"$81,322",Van Nuys,CA,91499
Collie,Nutten,66,Female,"$88,027",Van Nuys,CA,91499
Rod,Kermode,51,Male,"$39,946",Burbank,CA,91505
Brock,Netherclift,98,Male,"$22,443",Burbank,CA,91505
Pace,Beiderbecke,94,Male,"$35,862",North Hollywood,CA,91606
Jaclyn,Ivachyov,52,Female,"$27,119",Pomona,CA,91797
Nahum,Pinchback,,,"$99,175",Pomona,CA,91797
Reggis,Lalor,65,Male,"$105,825",Alhambra,CA,91841
Issy,Margerison,95,Female,"$80,714",Escondido,CA,92030
Der,Will,22,Male,"$45,764",Escondido,CA,92030
Edwina,Baine,,,"$35,131",Oceanside,CA,92056
Christalle,Cutajar,87,Female,"$74,093",San Diego,CA,92115
Sibyl,Moynihan,40,Female,"$58,294",San Diego,CA,92127
Ferrell,Lunn,67,Male,"$39,994",San Diego,CA,92145
Danyette,Scotland,50,Female,"$105,733",San Diego,CA,92153
Bone,Chadbourne,95,Male,"$59,038",San Diego,CA,92160
Kellie,Connichie,51,Female,"$58,266",San Diego,CA,92160
Noe,Ablewhite,60,Male,"$82,931",San Diego,CA,92176
Juditha,Itscowicz,89,Female,"$81,114",San Diego,CA,92176
Raphael,Redsull,76,Male,"$67,484",San Diego,CA,92176
Talbot,McTerry,34,Male,"$105,268",San Bernardino,CA,92415
Teddi,Goodwell,43,Female,"$73,648",San Bernardino,CA,92424
Claiborne,Trees,67,Male,"$73,985",Riverside,CA,92505
Shelli,Tonkes,25,Female,"$63,776",Riverside,CA,92519
Alan,Rakestraw,97,Male,"$70,536",Moreno Valley,CA,92555
Gwenny,Izakov,82,Female,"$36,807",Irvine,CA,92619
Suzann,Paynton,78,Female,"$41,630",Garden Grove,CA,92645
Filberte,Gillmore,58,Male,"$34,644",Huntington Beach,CA,92648
Claudianus,Purdie,83,Male,"$85,354",Orange,CA,92668
Milissent,Jovey,52,Female,"$107,617",Irvine,CA,92710
Munroe,Deporte,79,Male,"$58,805",Anaheim,CA,92805
Sindee,Letterick,26,Female,"$65,403",Anaheim,CA,92825
Sydelle,Ewenson,71,Female,"$108,533",Santa Barbara,CA,93150
Gwenette,Huccaby,37,Female,"$18,927",Santa Barbara,CA,93150
Bobine,Joseland,55,Female,"$30,282",Santa Barbara,CA,93150
Duky,Langstone,28,Male,"$58,324",Visalia,CA,93291
Dewey,Cleminshaw,30,Male,"$64,470",Lancaster,CA,93584
Ber,Chartman,46,Male,"$89,691",Fresno,CA,93709
Adele,Enterlein,32,Female,"$47,122",Fresno,CA,93715
Annette,Jervois,84,Female,"$15,076",Fresno,CA,93773
Dukey,Streatfeild,95,Male,"$98,495",Fresno,CA,93773
Lacy,Haythornthwaite,94,Female,"$76,173",Redwood City,CA,94064
Franny,Mathivon,33,Female,"$54,948",Redwood City,CA,94064
Kean,Hydes,28,Male,"$10,998",San Francisco,CA,94116
Shaughn,Thorndycraft,84,Male,"$86,724",San Francisco,CA,94126
Dacia,Scarlon,75,Female,"$67,207",San Francisco,CA,94132
Laurent,Carse,57,Male,"$43,805",San Francisco,CA,94177
Caesar,Tetla,,,"$88,883",San Francisco,CA,94177
Theodoric,Merrywether,62,Male,"$38,381",Sacramento,CA,94237
Gratia,Rubery,31,Female,"$60,712",Sacramento,CA,94245
Kalli,Asple,47,Female,"$85,064",Sacramento,CA,94250
Galen,Guilleton,44,Male,"$28,977",Sacramento,CA,94263
Ola,McKeney,20,Female,"$93,561",Sacramento,CA,94273
Cobb,Doveston,31,Male,"$97,860",Sacramento,CA,94286
Marmaduke,Winn,70,Male,"$86,428",Palo Alto,CA,94302
Risa,Jacobs,82,Female,"$92,420",San Mateo,CA,94405
Bradford,Osbidston,28,Male,"$78,304",San Mateo,CA,94405
Katy,Dudderidge,83,Female,"$13,200",Oakland,CA,94605
Ned,le Keux,26,Male,"$68,709",Oakland,CA,94605
Frans,Targe,81,Male,"$97,083",Oakland,CA,94622
Madelena,Dungey,73,Female,"$77,741",Berkeley,CA,94712
Anthe,Favela,81,Female,"$71,690",Santa Cruz,CA,95064
Hanson,Hammonds,55,Male,"$94,343",Santa Cruz,CA,95064
Yorgo,Sicha,24,Male,"$53,478",Santa Cruz,CA,95064
Stirling,Greenly,67,Male,"$61,452",San Jose,CA,95108
Christyna,Bettley,24,Female,"$93,605",San Jose,CA,95113
Ralf,Leppo,33,Male,"$76,543",San Jose,CA,95118
Jennica,Airth,50,Female,"$105,812",San Jose,CA,95123
Marcelline,Angood,68,Female,"$107,577",San Jose,CA,95155
Derick,Harlowe,88,Male,"$91,298",San Jose,CA,95173
Meghan,Edgecombe,,,"$84,918",Modesto,CA,95354
Bonny,Klauber,96,Female,"$41,761",Modesto,CA,95397
Berty,Vedmore,43,Male,"$74,260",Sacramento,CA,95833
Merwin,Baytrop,49,Male,"$33,931",Sacramento,CA,95894
Trisha,MacPaden,94,Female,"$81,969",Sacramento,CA,95894
Marice,Bankes,46,Female,"$85,574",South Lake Tahoe,CA,96154
Dall,Lampitt,29,Male,"$29,928",Honolulu,HI,96805
Jameson,Lethibridge,24,Male,"$31,474",Honolulu,HI,96810
Barbee,Covendon,50,Female,"$57,886",Honolulu,HI,96815
Sari,Reinbach,57,Female,"$34,002",Honolulu,HI,96850
Stacy,Webbe,34,Female,"$57,681",Portland,OR,97201
Marmaduke,Basill,66,Male,"$70,362",Portland,OR,97206
Lind,Kloisner,29,Female,"$43,649",Portland,OR,97206
Dorree,Stryde,90,Female,"$60,359",Portland,OR,97206
Rebekah,Kesey,74,Female,"$44,633",Portland,OR,97211
Althea,Corryer,93,Female,"$87,112",Portland,OR,97221
Annadiane,Maclaine,82,Female,"$77,617",Portland,OR,97229
Tate,Govan,41,Male,"$49,912",Portland,OR,97255
Devland,Isakovitch,72,Male,"$102,080",Portland,OR,97255
Gerianna,Averay,100,Female,"$23,749",Seattle,WA,98109
Atlante,Clint,,,"$62,048",Seattle,WA,98109
Jerrilyn,De La Hay,61,Female,"$29,625",Seattle,WA,98115
Evaleen,Lilford,70,Female,"$25,422",Seattle,WA,98115
Fay,Reynoldson,39,Female,"$16,277",Seattle,WA,98115
Adlai,Buglass,46,Male,"$94,591",Seattle,WA,98127
Yul,Brendish,36,Male,"$86,293",Seattle,WA,98140
Jarvis,Jozwicki,47,Male,"$79,455",Seattle,WA,98166
Packston,Carnier,87,Male,"$50,093",Seattle,WA,98175
Kelley,Gerin,81,Male,"$29,173",Seattle,WA,98185
Dexter,Anders,52,Male,"$79,309",Tacoma,WA,98405
Cristian,Swale,48,Male,"$108,354",Tacoma,WA,98405
Bonny,Upcott,25,Female,"$76,254",Tacoma,WA,98405
Chicky,Fulger,47,Male,"$83,638",Tacoma,WA,98411
Amalia,Doggart,97,Female,"$76,995",Tacoma,WA,98417
Bradley,Schruurs,22,Male,"$36,803",Tacoma,WA,98417
Chaunce,Yezafovich,30,Male,"$84,459",Tacoma,WA,98424
Joshuah,Coryndon,89,Male,"$58,295",Tacoma,WA,98442
Jacquette,Sneddon,51,Female,"$11,806",Tacoma,WA,98481
Johnnie,Benardet,40,Male,"$11,077",Lakewood,WA,98498
Aguste,Birtwell,35,Male,"$74,378",Lakewood,WA,98498
Angelika,Atwell,21,Female,"$95,428",Vancouver,WA,98664
Friedrich,Boreland,67,Male,"$46,507",Vancouver,WA,98682
Shane,Ciccottio,86,Male,"$17,211",Vancouver,WA,98687
Sigrid,Clevely,39,Female,,Spokane,WA,99215
Hank,Effnert,62,Male,"$89,054",Spokane,WA,99215
Harley,Lodder,37,Male,"$100,941",Spokane,WA,99252
Mose,Warwick,88,Male,"$33,860",Anchorage,AK,99507
Willi,Sivess,68,Male,"$62,314",Juneau,AK,99812
